a07-i01	50:65:f3:2d:26:c1
a07-i02	50:65:f3:1f:b9:1b
a07-i03	50:65:f3:29:1d:1d
a07-i04	50:65:f3:2d:2b:a2
a07-i05	50:65:f3:30:48:2f
a07-i06	50:65:f3:26:dc:89
a07-i07	50:65:f3:26:de:9e
a07-i08	50:65:f3:30:48:21
a07-i09	50:65:f3:26:da:36
a07-i10	50:65:f3:27:26:49
a07-i11	50:65:f3:2d:02:3c
a07-i12	50:65:f3:26:dc:4e
a07-i13	50:65:f3:26:de:0a
a07-i14	50:65:f3:27:26:a3
a07-i15	50:65:f3:26:de:6d
a07-i16	50:65:f3:26:dc:fd
a07-i17	50:65:f3:2d:00:5a
a07-i18	50:65:f3:1f:9f:ad
a07-i19	50:65:f3:33:80:0a
a07-i20	50:65:f3:30:48:2a
a07-i21	50:65:f3:27:26:02
a07-i22	50:65:f3:27:2d:4b
a84-i01	50:65:f3:30:47:f9
a84-i02	50:65:f3:26:de:ed
a84-i03	50:65:f3:30:47:e1
a84-i04	50:65:f3:1f:b9:6c
a84-i05	50:65:f3:2d:23:3f
a84-i06	50:65:f3:1f:b9:68
a84-i07	50:65:f3:2d:23:a1
a84-i08	50:65:f3:29:1d:19
a84-i09	50:65:f3:20:7d:f4
a84-i10	50:65:f3:26:dd:1b
a84-i11	50:65:f3:1f:b9:72
a84-i12	50:65:f3:27:25:04
a84-i13	50:65:f3:1f:b9:8a
a84-i14	50:65:f3:1f:a1:42
a84-i15	50:65:f3:2d:23:38
a84-i16	50:65:f3:30:47:e8
a84-i17	50:65:f3:1f:b9:14
a84-i18	50:65:f3:26:fc:b6
a84-i19	50:65:f3:45:b5:97
a84-i20	50:65:f3:26:fc:5f
a84-i21	50:65:f3:30:47:e2
a84-i22	50:65:f3:2d:02:1f
a84-i23	50:65:f3:26:fc:d0
a84-i24	50:65:f3:20:b2:9f
a84-i25	50:65:f3:20:b2:a6
a84-i26	50:65:f3:2d:03:54
a84-i27	50:65:f3:2d:02:1b
a84-i28	50:65:f3:30:47:d7
a84-i29	50:65:f3:30:47:dd
a84-i30	50:65:f3:27:2d:27
a84-i33	50:65:f3:3f:a1:fa
a84-i34	50:65:f3:47:6c:99
a84-i35	50:65:f3:38:0e:24
a02-pro	50:65:f3:1c:92:3d
a03-pro	50:65:f3:26:ba:4c
a07-pro	50:65:f3:1e:0a:a4
a08-pro	ec:b1:d7:50:bd:30
a15-pro	50:65:f3:1c:92:b8
a16-pro	50:65:f3:24:7e:33
a17-pro	ec:b1:d7:5e:ba:e8
a18-pro	50:65:f3:1d:16:10
a20-pro	50:65:f3:1d:17:38
a32-pro	50:65:f3:2d:80:dd
a33-pro	50:65:f3:2b:4d:22
a34-pro	50:65:f3:1e:87:d4
a35-pro	ec:b1:d7:5e:73:43
a44-pro	50:65:f3:2a:18:cd
a46-pro	50:65:f3:1e:87:ca
a47-pro	ec:b1:d7:5e:bc:5c
a48-pro	50:65:f3:1c:92:6f
a49-pro	50:65:f3:24:7e:28
a80-pro	50:65:f3:1e:0a:c7
a81-pro	50:65:f3:1e:0a:8a
a84-pro	50:65:f3:1d:16:fa
d-desdobleeso	ec:b1:d7:5e:75:c3
d-mates	50:65:f3:1f:75:b3
d-musica	50:65:f3:28:a8:ab
a-apoyoeso	00:22:15:79:4c:a4
a04-pro	00:22:15:79:50:05
a06-pro	90:e6:ba:44:24:31
a09-pro	00:22:15:79:4c:40
a10-pro	00:22:15:81:5c:8b
a11-pro	00:22:15:81:5c:87
a12-pro	00:22:15:81:63:ac
a13-pro	00:22:15:81:82:61
a14-pro	00:22:15:81:81:95
a19-pro	00:22:15:79:4c:5e
a21-pro	00:22:15:6e:9c:ba
a22-pro	00:22:15:79:4c:3a
a23-pro	00:22:15:79:3e:3d
a24-pro	00:22:15:79:50:1c
a25-pro	00:22:15:79:4c:56
a26-pro	00:22:15:8e:bf:24
a27-pro	00:22:15:81:5c:72
a28-pro	00:22:15:79:4c:39
a29-pro	00:22:15:79:4c:47
a30-pro	00:22:15:79:4c:45
a31-pro	00:22:15:77:17:85
a37-pro	00:22:15:79:4c:46
a38-pro	00:22:15:8e:bf:12
a39-pro	00:22:15:63:fd:3a
a40-pro	00:22:15:77:16:56
a41-pro	00:22:15:79:4c:bc
a42-pro	00:22:15:79:4c:5d
a43-pro	00:22:15:79:4c:4a
a45-pro	00:22:15:9c:86:8b
a00-p01	80:FA:5B:01:92:6E
a00-p02	00:90:f5:fb:d0:bf
a00-p03	88:ae:1d:1a:f7:5f
a00-p04	80:fa:5b:01:92:17
a00-p05	00:90:f5:fb:54:84
a00-p06	70:5a:b6:32:80:9d
a00-p07	c4:46:19:1d:07:8c
a00-p08	70:5a:b6:30:df:95
a00-p09	80:fa:5b:01:01:1f
a00-p10	80:fa:5b:01:95:fd
a00-p11	80:fa:5b:01:90:ad
a00-p12	80:fa:5b:01:93:8b
a00-p13	80:fa:5b:01:92:6c
a00-p14	78:e4:00:b8:d8:1f
a00-p16	78:e4:00:b9:99:22
a02-o01	00:01:80:38:40:EE
a02-o02	00:01:80:38:41:B7
a02-o03	00:01:80:38:42:30
a02-o04	00:01:80:36:82:2A
a02-o05	00:01:80:36:82:25
a02-o06	00:01:80:38:8A:07
a02-o07	00:01:80:36:80:46
a02-o08	00:01:80:36:7F:60
a02-o09	00:01:80:38:41:7C
a02-o10	00:01:80:38:88:AE
a02-o11	00:01:80:36:7F:22
a03-o01	00:01:80:38:8A:22
a03-o02	00:01:80:38:40:83
a03-o03	00:01:80:38:42:03
a03-o04	00:01:80:38:41:B3
a03-o05	00:01:80:38:87:e9
a03-o06	00:01:80:38:41:AA
a03-o07	00:01:80:38:41:48
a03-o08	00:01:80:36:7E:DA
a03-o09	00:01:80:38:42:28
a03-o10	00:01:80:36:82:4E
a03-o11	00:01:80:38:41:69
a03-o12	00:01:80:36:80:97
a03-o13	00:01:80:36:80:95
a03-o14	00:01:80:38:41:92
a04-p02	b0:5a:da:a9:2e:95
a04-p03	30:8d:99:1f:c5:39
a04-p04	30:8d:99:1f:c5:60
a04-p05	30:8d:99:1f:c4:25
a04-p06	b0:5a:da:a9:31:a4
a04-p07	30:8d:99:1f:c5:d8
a04-p08	30:8d:99:1f:c5:c3
a04-p09	30:8d:99:1f:ca:a6
a04-p10	30:8d:99:1f:c5:cf
a04-p11	30:8d:99:1f:c5:93
a04-p12	30:8d:99:1f:c3:1e
a04-p13	30:8d:99:1f:c5:4a
a04-p14	30:8d:99:1f:c4:d4
a04-p15	b0:5a:da:a9:2b:c4
a04-p16	b0:5a:da:a9:2e:06
a04-p17	30:8d:99:1f:c5:ec
a04-p18	30:8d:99:1f:c5:a8
a04-p19	30:8d:99:1f:d2:53
a04-p20	30:8d:99:1f:c4:b2
a04-p21	b0:5a:da:a9:2f:39
a04-p22	30:8d:99:1f:c5:82
a07-o01	00:01:80:38:88:37
a07-o02	00:01:80:38:41:74
a07-o03	00:01:80:38:87:f0
a07-o04	00:01:80:38:3E:54
a07-o05	00:01:80:38:41:34
a07-o06	00:01:80:38:8A:12
a07-o07	00:01:80:38:40:D6
a07-o08	00:01:80:38:41:95
a07-o09	00:01:80:38:42:32
a07-o10	00:01:80:36:82:1B
a07-o11	00:01:80:38:88:F3
a08-o01	00:01:80:38:87:f6
a08-o02	00:01:80:38:87:F9
a08-o03	00:01:80:38:42:42
a08-o04	00:01:80:38:41:2d
a08-o05	00:01:80:38:89:EF
a08-o06	00:01:80:36:7E:CD
a08-o07	00:01:80:38:41:32
a08-o08	00:01:80:38:41:AD
a08-o09	00:01:80:38:41:B4
a08-o10	00:01:80:38:42:2A
a08-o11	00:01:80:36:7f:e2
a08-o12	00:01:80:38:40:ff
a08-o13	00:01:80:38:41:71
a08-o14	00:01:80:38:41:2B
a09-p01	70:5a:b6:f0:80:02
a09-p02	70:5a:b6:de:63:b8
a09-p03	78:e4:00:b9:50:9d
a09-p04	78:e4:00:76:4a:43
a09-p05	70:5a:b6:f0:a0:af
a09-p06	78:e4:00:d4:fe:c5
a09-p07	70:5a:b6:f0:92:67
a09-p08	70:5a:b6:3d:2b:e4
a09-p09	70:5a:b6:f0:a2:ca
a09-p10	88:ae:1d:1a:f5:65
a09-p11	70:5a:b6:f0:7d:a1
a09-p12	70:5a:b6:3d:f1:8e
a09-p13	70:5a:b6:f0:72:13
a09-p14	88:ae:1d:1a:fa:11
a09-p15	70:5a:b6:ec:b5:f3
a09-p16	70:5a:b6:f2:28:17
a09-p17	70:5a:b6:f0:a1:11
a09-p18	70:5a:b6:f0:89:32
a09-p19	70:5a:b6:f0:7d:d8
a09-p20	70:5a:b6:ef:47:79
a09-p21	88:ae:1d:1a:f6:e5
a09-p22	70:5a:b6:f0:90:0d
a09-p23	88:ae:1d:01:d5:fa
a09-p24	88:ae:1d:1a:ff:09
a09-p25	70:5a:b6:f0:7c:f4
a09-p26	70:5a:b6:f0:83:aa
a09-p27	70:5a:b6:f0:77:4e
a10-p01	70:5a:b6:f0:a6:df
a10-p02	70:5a:b6:f0:86:16
a10-p03	70:5a:b6:f0:88:30
a105-p01	70:5a:b6:f0:93:a1
a105-p02	70:5a:b6:f0:88:80
a105-p03	78:e4:00:d2:9a:f3
a105-p04	70:5a:b6:f0:64:42
a105-p05	78:e4:00:d4:fd:4e
a105-p06	78:e4:00:d4:e8:e7
a105-p07	70:5a:b6:f0:87:5d
a11-p01	c4:46:19:1c:a2:a7
a11-p02	78:e4:00:76:50:c2
a11-p03	88:ae:1d:1a:fc:c5
a11-p04	70:5a:b6:f0:88:4d
a11-p05	70:5a:b6:f0:7d:d4
a11-p06	70:5a:b6:f0:87:54
a11-p07	70:5a:b6:f0:88:79
a11-p08	70:5a:b6:f0:94:8b
a11-p09	70:5a:b6:f0:a4:e8
a11-p10	88:ae:1d:1a:ff:69
a11-p11	70:5a:b6:f0:95:0b
a11-p12	70:5a:b6:f0:8b:0a
a11-p13	70:5a:b6:d0:8c:e3
a11-p14	70:5a:b6:f0:a5:d3
a11-p15	78:e4:00:b9:3c:d5
a11-p16	70:5a:b6:f0:a6:a2
a11-p17	88:ae:1d:1a:f6:55
a11-p18	88:ae:1d:1a:fd:98
a11-p19	70:5a:b6:f0:93:e4
a11-p20	70:5a:b6:f0:88:44
a11-p21	70:5a:b6:f0:a3:4f
a11-p22	70:5a:b6:f0:8a:67
a12-p01	78:e4:00:d2:6c:6f
a12-p02	70:5a:b6:e8:c1:c5
a12-p03	70:5a:b6:f0:8c:cb
a12-p04	70:5a:b6:f0:91:f7
a12-p05	78:e4:00:d2:6e:e1
a12-p06	88:ae:1d:1a:fa:19
a12-p07	88:ae:1d:1a:f7:5e
a12-p08	70:5a:b6:f0:88:9d
a12-p09	78:e4:00:76:4a:46
a12-p10	70:5a:b6:e7:7c:c3
a12-p11	78:e4:00:b9:3d:19
a12-p12	70:5a:b6:de:6f:5b
a12-p13	70:5a:b6:f0:a4:b7
a12-p14	70:5a:b6:f0:a3:15
a12-p15	70:5a:b6:f0:53:f4
a12-p16	70:5a:b6:f0:92:96
a12-p17	70:5a:b6:f0:85:55
a12-p18	70:5a:b6:f0:88:bf
a13-p01	88:ae:1d:1a:fb:ae
a13-p02	78:e4:00:d4:e8:65
a13-p03	78:e4:00:76:95:58
a13-p04	70:5a:b6:f0:83:f7
a13-p05	78:e4:00:d2:e6:b7
a13-p06	70:5a:b6:f0:92:9b
a13-p07	70:5a:b6:f0:88:0a
a13-p08	88:ae:1d:1a:fb:5c
a13-p09	70:5a:b6:f0:a5:d1
a13-p10	88:ae:1d:1a:fe:db
a13-p11	88:ae:1d:1a:fd:77
a13-p12	78:e4:00:b9:2d:3e
a13-p13	70:5a:b6:f0:7c:c4
a13-p14	70:5a:b6:e8:bd:68
a13-p15	70:5a:b6:f0:a6:83
a13-p16	70:5a:b6:f0:89:ae
a13-p17	88:ae:1d:1a:fc:ee
a13-p18	78:e4:00:b8:d8:ff
a13-p19	88:ae:1d:1a:f5:c5
a13-p20	78:e4:00:76:25:31
a13-p21	70:5a:b6:ec:7a:f2
a13-p22	88:ae:1d:1a:f5:ff
a13-p23	70:5a:b6:f0:a3:8b
a14-p01	78:e4:00:d2:9b:48
a14-p02	70:5a:b6:f0:88:6e
a14-p03	78:e4:00:b8:db:61
a14-p04	78:e4:00:b8:f4:e2
a14-p05	70:5a:b6:f0:7d:71
a14-p06	70:5a:b6:f2:9c:f6
a14-p07	88:ae:1d:1a:f7:b6
a14-p08	70:5a:b6:f0:a6:95
a14-p09	70:5a:b6:f0:87:0c
a14-p10	88:ae:1d:1b:00:50
a14-p11	70:5a:b6:f0:83:01
a14-p12	78:e4:00:76:86:53
a14-p13	78:e4:00:b9:35:63
a14-p14	88:ae:1d:1a:fd:03
a14-p15	70:5a:b6:f0:a1:76
a14-p16	70:5a:b6:f0:80:a8
a14-p17	70:5a:b6:f0:9b:97
a14-p18	70:5a:b6:f0:7e:31
a14-p19	70:5a:b6:f0:89:09
a14-p20	70:5a:b6:f0:91:52
a14-p21	70:5a:b6:f0:75:66
a14-p22	70:5a:b6:f0:81:e8
a14-p23	70:5a:b6:f0:7d:a7
a15-o01	00:01:80:36:81:F5
a15-o02	00:01:80:38:3E:AA
a15-o03	00:01:80:38:41:61
a15-o04	00:01:80:38:88:AF
a15-o05	00:01:80:38:41:8E
a15-o06	00:01:80:36:82:21
a15-o07	00:01:80:38:41:D2
a15-o08	00:01:80:38:3E:8E
a15-o09	00:01:80:38:3e:6f
a15-o10	00:01:80:36:82:23
a15-o11	00:01:80:38:89:D5
a15-o12	00:01:80:38:42:2C
a15-o13	00:01:80:38:88:CD
a15-o14	00:01:80:38:88:42
a16-o01	00:01:80:38:8A:0D
a16-o02	00:01:80:38:3F:06
a16-o03	00:01:80:38:89:E8
a16-o04	00:01:80:36:7F:84
a16-o05	00:01:80:38:89:C4
a16-o06	00:01:80:38:88:8F
a16-o07	00:01:80:38:41:8A
a16-o08	00:01:80:38:89:C8
a16-o09	00:01:80:38:41:85
a16-o10	00:01:80:38:89:C9
a16-o11	00:01:80:38:41:af
a16-o12	00:01:80:38:41:D5
a16-o13	00:01:80:38:87:e5
a16-o15	00:01:80:38:88:44
a17-o01	00:01:80:38:3E:5A
a17-o02	00:01:80:38:3E:8D
a17-o03	00:01:80:38:88:EC
a17-o05	00:01:80:38:40:C3
a17-o06	00:01:80:38:89:DD
a17-o07	00:01:80:38:3E:C1
a17-o08	00:01:80:38:3E:9F
a17-o09	00:01:80:38:88:c3
a17-o10	00:01:80:38:89:D9
a17-o11	00:01:80:38:3E:FF
a17-o12	00:01:80:36:7F:13
a17-o13	00:01:80:38:89:D0
a18-o01	00:01:80:36:7F:31
a18-o02	00:01:80:38:41:0A
a18-o03	00:01:80:38:3E:7E
a18-o04	00:01:80:38:41:05
a18-o05	00:01:80:38:88:3c
a18-o06	00:01:80:38:3E:7B
a18-o07	00:01:80:38:88:B7
a18-o08	00:01:80:38:41:9A
a18-o09	00:01:80:38:41:08
a18-o10	00:01:80:36:7F:7F
a18-o11	00:01:80:38:41:87
a18-o12	00:01:80:38:3F:23
a18-o13	00:01:80:36:80:44
a19-o01	00:01:80:38:57:3a
a19-o02	00:01:80:38:41:D7
a19-o03	00:01:80:38:88:36
a19-o04	00:01:80:38:41:3A
a19-o05	00:01:80:38:88:68
a19-o06	00:01:80:36:7f:6e
a19-o07	00:01:80:38:3F:32
a19-o08	00:01:80:38:8A:28
a19-o09	00:01:80:38:41:A0
a19-o10	00:01:80:38:41:d9
a19-o11	00:01:80:38:89:e1
a19-o12	00:01:80:36:7F:3D
a20-o01	00:01:80:38:41:4D
a20-o02	00:01:80:38:88:C5
a20-o03	00:01:80:36:7F:C6
a20-o04	00:01:80:36:82:13
a20-o05	00:01:80:36:88:ef
a20-o06	00:01:80:38:42:05
a20-o07	00:01:80:38:41:B6
a20-o08	00:01:80:38:88:BC
a20-o09	00:01:80:38:3F:01
a20-o10	00:01:80:38:88:DD
a20-o11	00:01:80:38:88:8A
a20-o12	00:01:80:38:87:EC
a21-p01	70:5a:b6:f0:90:23
a21-p02	70:5a:b6:f0:a5:d8
a21-p03	70:5a:b6:f0:a3:87
a21-p04	88:ae:1d:1a:fc:93
a21-p05	70:5a:b6:f0:75:00
a21-p06	70:5a:b6:f0:87:89
a21-p07	70:5a:b6:f0:88:f9
a21-p08	70:5a:b6:f0:58:1a
a21-p10	70:5a:b6:f0:7b:13
a21-p11	70:5a:b6:f0:93:3b
a22-p01	80:fa:5b:01:96:3e
a22-p02	80:fa:5b:01:91:e8
a22-p03	80:fa:5b:01:92:02
a22-p04	80:fa:5b:01:91:c1
a22-p05	80:fa:5b:01:93:c2
a22-p06	80:fa:5b:01:92:2a
a22-p07	80:fa:5b:01:90:b0
a22-p08	80:fa:5b:01:91:60
a22-p09	80:fa:5b:01:94:3b
a22-p10	80:fa:5b:01:92:2f
a22-p11	80:fa:5b:01:90:c0
a22-p12	28:e3:47:7d:f0:0e
a22-p13	28:e3:47:8a:19:3e
a22-p14	80:fa:5b:01:91:c2
a22-p15	80:fa:5b:01:95:02
a22-p16	80:fa:5b:01:91:9f
a22-p17	80:fa:5b:01:92:18
a22-p18	80:fa:5b:01:92:31
a22-p19	80:fa:5b:01:90:6a
a22-p20	80:fa:5b:01:92:a6
a22-p21	80:fa:5b:01:90:e1
a22-p22	80:fa:5b:01:93:45
a22-p23	80:fa:5b:01:94:0c
a22-p24	80:fa:5b:01:92:d2
a23-p01	80:fa:5b:01:95:4e
a23-p02	80:fa:5b:01:94:e1
a23-p03	80:fa:5b:01:96:72
a23-p04	80:fa:5b:01:96:ab
a23-p05	80:fa:5b:01:91:87
a23-p06	80:fa:5b:01:95:92
a23-p07	80:fa:5b:01:94:9c
a23-p08	80:fa:5b:01:91:bc
a23-p09	80:fa:5b:01:91:b2
a23-p10	80:fa:5b:01:96:86
a23-p11	80:fa:5b:01:94:f9
a23-p12	80:fa:5b:01:95:95
a23-p13	80:fa:5b:01:93:4b
a23-p14	80:fa:5b:01:96:3d
a23-p15	80:fa:5b:01:93:75
a23-p16	80:fa:5b:01:91:43
a23-p17	80:fa:5b:01:95:de
a23-p18	80:fa:5b:01:93:ea
a23-p19	80:fa:5b:01:92:13
a23-p20	80:fa:5b:01:91:57
a23-p21	80:fa:5b:01:93:33
a23-p22	80:fa:5b:01:91:cb
a23-p23	80:fa:5b:01:90:28
a23-p24	80:fa:5b:01:91:07
a24-p01	80:fa:5b:01:90:a5
a24-p02	80:fa:5b:01:92:0b
a24-p03	00:90:f5:fb:54:9c
a24-p04	80:fa:5b:01:93:d1
a24-p05	80:fa:5b:01:91:e4
a24-p06	80:fa:5b:01:93:bb
a24-p07	80:fa:5b:01:92:69
a24-p08	80:fa:5b:01:92:a8
a24-p09	80:fa:5b:01:94:92
a24-p10	80:fa:5b:01:94:ee
a24-p11	80:fa:5b:01:93:7b
a24-p12	80:fa:5b:01:92:a4
a24-p13	80:fa:5b:01:91:df
a24-p14	80:fa:5b:01:90:40
a24-p15	80:fa:5b:01:95:80
a24-p16	80:fa:5b:01:92:ff
a24-p17	80:fa:5b:01:90:f0
a24-p18	80:fa:5b:01:92:f9
a24-p19	80:fa:5b:01:92:11
a24-p20	80:fa:5b:01:92:51
a25-p01	70:5a:b6:f0:80:9f
a25-p02	70:5a:b6:e8:e7:23
a25-p04	70:5a:b6:f0:7d:94
a25-p05	78:e4:00:b9:35:93
a25-p06	70:5a:b6:3d:16:95
a25-p07	88:ae:1d:1a:fd:63
a25-p08	78:e4:00:76:3b:4e
a25-p09	70:5a:b6:f0:93:80
a25-p10	78:e4:00:d2:c2:b4
a25-p11	70:5a:b6:f0:a5:65
a25-p12	70:5a:b6:34:89:0c
a25-p13	70:5a:b6:f0:7e:01
a25-p14	70:5a:b6:f0:85:52
a25-p15	88:ae:1d:1a:ff:44
a25-p16	70:5a:b6:f0:89:29
a25-p17	78:e4:00:d2:68:1f
a25-p18	78:e4:00:76:a5:36
a25-p19	70:5a:b6:f0:7c:ab
a25-p20	78:e4:00:b9:2b:4d
a25-p21	70:5a:b6:f0:a5:f3
a25-p22	70:5a:b6:f0:a5:f0
a25-p23	70:5a:b6:f0:92:21
a25-p24	70:5a:b6:f2:90:7b
a25-p25	70:5a:b6:3d:f9:a7
a25-p26	88:ae:1d:01:d5:d7
a25-p27	70:5a:b6:34:73:56
a25-p28	70:5a:b6:f0:4a:ea
a26-p01	80:fa:5b:01:95:9d
a26-p02	80:fa:5b:01:91:34
a26-p03	80:fa:5b:01:90:e2
a26-p04	80:fa:5b:01:90:2b
a26-p05	80:fa:5b:01:93:9e
a26-p06	80:fa:5b:01:96:40
a26-p07	80:fa:5b:01:95:8f
a26-p08	80:fa:5b:01:92:bd
a26-p09	80:fa:5b:01:92:af
a26-p10	80:fa:5b:01:90:0e
a26-p11	80:fa:5b:01:92:79
a26-p12	80:fa:5b:01:93:1f
a26-p13	80:fa:5b:01:91:e5
a26-p14	80:fa:5b:01:94:86
a26-p15	80:fa:5b:01:90:e3
a26-p16	80:fa:5b:01:93:fc
a26-p17	80:fa:5b:01:91:09
a26-p18	80:fa:5b:01:93:25
a26-p19	80:fa:5b:01:92:3b
a26-p20	80:fa:5b:01:92:37
a26-p21	80:fa:5b:01:93:7c
a26-p22	80:fa:5b:01:95:0d
a26-p23	80:fa:5b:01:95:10
a26-p24	80:fa:5b:01:94:91
a26-p25	80:fa:5b:01:91:67
a26-p30	80:fa:5b:01:91:f3
a27-p01	70:5a:b6:f0:a4:ae
a27-p02	70:5a:b6:f0:a3:bd
a27-p03	c4:46:19:1c:d3:6c
a27-p04	70:5a:b6:f0:88:d4
a27-p05	70:5a:b6:f0:72:ee
a27-p06	78:e4:00:d4:cd:95
a27-p07	88:ae:1d:1a:ff:34
a27-p08	70:5a:b6:e8:c8:5d
a27-p09	78:e4:00:d4:ca:96
a27-p10	70:5a:b6:f0:8c:e7
a27-p11	78:e4:00:b9:0a:4d
a27-p12	88:ae:1d:1a:f6:43
a27-p13	70:5a:b6:f0:77:49
a27-p14	78:e4:00:76:28:da
a27-p15	78:e4:00:d2:46:76
a27-p16	78:e4:00:b8:d8:62
a27-p17	88:ae:1d:1a:fe:44
a27-p18	78:e4:00:d4:cc:a5
a27-p19	70:5a:b6:f0:75:ac
a27-p20	70:5a:b6:f0:7d:38
a27-p21	88:ae:1d:1a:fc:38
a27-p22	78:e4:00:b9:3a:1b
a27-p23	70:5a:b6:f0:7c:aa
a27-p24	78:e4:00:d2:38:e8
a27-p25	78:e4:00:b9:20:20
a27-p26	c4:46:19:03:e2:3b
a27-p27	70:5a:b6:f0:7d:57
a27-p28	78:e4:00:b8:db:62
a27-p29	c4:46:19:1d:08:15
a27-p30	70:5a:b6:f0:87:a6
a28-p01	70:5a:b6:f0:7d:90
a28-p02	70:5a:b6:f0:87:de
a28-p03	00:26:22:85:a2:95
a28-p04	70:5a:b6:f0:89:fe
a28-p05	00:26:22:85:a3:2d
a28-p06	70:5a:b6:f0:7d:0a
a28-p07	70:5a:b6:f0:93:e1
a28-p08	00:26:22:85:a5:0d
a28-p09	70:5a:b6:f0:81:15
a28-p10	78:e4:00:76:25:f8
a28-p11	70:5a:b6:f0:92:3e
a28-p12	88:ae:1d:1a:fd:71
a28-p13	70:5a:b6:f0:98:7f
a28-p14	70:5a:b6:f0:87:ae
a28-p15	78:e4:00:b9:00:f6
a28-p16	78:e4:00:d4:f6:35
a28-p17	00:26:22:85:a1:dc
a28-p18	70:5a:b6:f0:8f:55
a28-p19	78:e4:00:b9:50:86
a28-p20	c4:46:19:03:e2:34
a28-p21	78:e4:00:d4:fd:6c
a28-p22	70:5a:b6:f0:89:7b
a28-p23	78:e4:00:b9:0a:5f
a28-p24	70:5a:b6:ca:f1:e9
a28-p25	70:5a:b6:eb:9c:59
a28-p26	70:5a:b6:e8:cf:40
a28-p27	70:5a:b6:f0:75:3b
a28-p28	70:5a:b6:f0:89:a9
a28-p29	88:ae:1d:1a:fe:6f
a28-p30	78:e4:00:b8:ff:b1
a29-p01	88:ae:1d:1a:ff:3b
a29-p02	70:5a:b6:f0:a4:ba
a29-p03	70:5a:b6:f0:88:21
a29-p04	70:5a:b6:f0:75:f1
a29-p05	78:e4:00:b9:3b:8a
a29-p06	78:e4:00:b8:ff:ad
a29-p07	70:5a:b6:f0:89:b6
a29-p08	70:5a:b6:de:a8:73
a29-p09	78:e4:00:d2:a7:d7
a29-p10	70:5a:b6:f0:a3:a1
a29-p11	70:5a:b6:f0:88:25
a29-p12	78:e4:00:d4:be:e4
a29-p13	78:e4:00:d2:77:d2
a29-p14	70:5a:b6:f0:87:b0
a29-p15	78:e4:00:b9:39:ff
a29-p16	78:e4:00:d2:ba:57
a29-p17	78:e4:00:d2:bb:32
a29-p18	70:5a:b6:f0:85:ca
a29-p19	70:5a:b6:f0:86:17
a29-p20	78:e4:00:b9:3d:2b
a29-p21	70:5a:b6:f0:91:d1
a29-p22	78:e4:00:b9:25:e5
a29-p23	78:e4:00:d2:a3:e5
a29-p24	70:5a:b6:37:96:94
a29-p25	70:5a:b6:f0:a4:f9
a29-p26	70:5a:b6:f0:75:d6
a29-p27	88:ae:1d:1a:fe:4c
a29-p28	78:e4:00:d2:df:dd
a29-p29	88:ae:1d:1a:fb:6d
a29-p30	88:ae:1d:1a:f5:8d
a30-p01	70:5a:b6:f0:87:d7
a30-p02	70:5a:b6:f0:88:74
a30-p03	70:5a:b6:f0:a5:f5
a30-p04	70:5a:b6:f0:a6:7c
a30-p05	78:e4:00:d4:c5:3d
a30-p06	70:5a:b6:f0:86:e8
a30-p07	88:ae:1d:1a:ff:2d
a30-p08	78:e4:00:d2:a9:5a
a30-p09	70:5a:b6:f0:a4:d5
a30-p10	88:ae:1d:1a:f5:6c
a30-p11	70:5a:b6:f0:87:2a
a30-p12	00:26:22:85:a2:6d
a30-p13	78:e4:00:d2:bf:24
a30-p14	78:e4:00:d2:cd:8e
a30-p15	70:5a:b6:f0:89:9c
a30-p16	78:e4:00:76:50:6f
a30-p17	78:e4:00:b8:db:a5
a30-p18	88:ae:1d:1a:f6:8f
a30-p19	70:5a:b6:e9:d1:83
a30-p20	70:5a:b6:f0:89:2c
a30-p21	70:5a:b6:f0:80:c2
a30-p22	78:e4:00:d4:e5:0e
a30-p23	70:5a:b6:f0:83:4f
a30-p24	70:5a:b6:3d:d3:e7
a30-p25	70:5a:b6:f0:89:66
a30-p26	88:ae:1d:1a:f6:9b
a30-p27	b8:70:f4:e3:2f:6e
a30-p28	88:ae:1d:1a:fd:5a
a30-p29	88:ae:1d:1a:f5:62
a30-p30	70:5a:b6:32:80:0d
a31-i29	70:5a:b6:f0:81:08
a31-p01	70:5a:b6:f0:a6:8d
a31-p02	78:e4:00:76:85:77
a31-p03	70:5a:b6:f0:a5:37
a31-p04	78:e4:00:b9:4e:c3
a31-p05	78:e4:00:76:50:c5
a31-p06	70:5a:b6:f0:88:ff
a31-p07	78:e4:00:d2:43:9f
a31-p08	70:5a:b6:eb:7e:c9
a31-p09	88:ae:1d:1a:fb:75
a31-p10	78:e4:00:b8:d9:25
a31-p11	78:e4:00:b8:f4:f3
a31-p12	88:ae:1d:1a:fc:6d
a31-p13	78:e4:00:d4:b4:ff
a31-p14	78:e4:00:b8:ff:bd
a31-p15	78:e4:00:d2:7e:79
a31-p16	70:5a:b6:f0:a3:17
a31-p17	c4:46:19:1c:fe:df
a31-p18	70:5a:b6:f0:82:01
a31-p19	78:e4:00:b8:d0:46
a31-p20	70:5a:b6:f0:86:97
a31-p21	70:5a:b6:f0:87:f5
a31-p22	78:e4:00:d2:e8:7e
a31-p23	88:ae:1d:01:ce:6b
a31-p24	70:5a:b6:e2:8f:46
a31-p25	78:e4:00:d2:da:34
a31-p26	88:ae:1d:1a:fd:7c
a31-p27	78:e4:00:d5:05:19
a31-p28	78:e4:00:b8:db:4f
a31-p30	70:5a:b6:f0:88:af
a32-o01	00:01:80:38:88:B3
a32-o02	00:01:80:38:42:24
a32-o03	00:01:80:38:3E:F9
a32-o04	00:01:80:38:88:93
a32-o05	00:01:80:38:3E:9B
a32-o06	00:01:80:38:3E:A2
a32-o07	00:01:80:38:3F:0B
a32-o08	00:01:80:36:81:EE
a32-o09	00:01:80:38:41:02
a32-o10	00:01:80:38:3E:E7
a32-o11	00:01:80:38:89:C6
a32-o12	00:01:80:38:88:F7
a32-o13	00:01:80:38:89:CD
a32-o14	00:01:80:36:7F:CC
a33-o01	00:01:80:38:3e:91
a33-o02	00:01:80:38:89:E2
a33-o03	00:01:80:38:42:2D
a33-o04	00:01:80:38:8A:09
a33-o05	00:01:80:38:3E:F4
a33-o06	00:01:80:38:42:31
a33-o07	00:01:80:38:87:F3
a33-o08	00:01:80:38:88:AD
a33-o09	00:01:80:38:88:C1
a33-o10	00:01:80:38:41:59
a33-o11	00:01:80:36:7E:E0
a33-o12	00:01:80:38:41:84
a33-o13	00:01:80:38:41:D4
a33-o14	00:01:80:38:41:13
a34-o01	00:01:80:38:3E:99
a34-o02	00:01:80:38:88:88
a34-o03	00:01:80:36:80:C4
a34-o04	00:01:80:38:87:EB
a34-o05	00:01:80:38:3F:03
a34-o06	00:01:80:38:41:bf
a34-o07	00:01:80:38:41:63
a34-o08	00:01:80:38:42:0D
a34-o09	00:01:80:38:3E:6E
a34-o10	00:01:80:38:88:8c
a34-o11	00:01:80:38:41:19
a34-o12	00:01:80:38:88:97
a34-o13	00:01:80:38:88:B8
a34-o14	00:01:80:38:88:E2
a34-o15	00:01:80:36:7F:A3
a35-o01	00:01:80:38:88:F6
a35-o02	00:01:80:38:41:9C
a35-o03	00:01:80:36:7F:37
a35-o04	00:01:80:26:E8:79
a35-o05	00:01:80:38:42:14
a35-o06	00:01:80:36:7f:19
a35-o07	00:01:80:36:7F:6C
a35-o08	00:01:80:36:7f:c1
a35-o09	00:01:80:38:40:51
a35-o11	00:01:80:38:41:A5
a35-o12	00:01:80:38:88:BE
a35-o13	00:01:80:38:3F:2E
a37-p01	80:fa:5b:01:94:42
a37-p02	28:e3:47:8a:19:4a
a37-p03	80:fa:5b:01:95:32
a37-p04	80:fa:5b:01:93:55
a37-p05	80:fa:5b:01:92:3f
a37-p06	80:fa:5b:01:90:c4
a37-p07	80:fa:5b:01:93:31
a37-p08	80:fa:5b:01:94:48
a37-p09	80:fa:5b:01:94:43
a37-p10	80:fa:5b:01:94:2b
a37-p11	80:fa:5b:01:91:39
a37-p12	28:e3:47:7d:ef:66
a37-p13	80:fa:5b:01:94:2f
a37-p14	28:e3:47:8a:1d:74
a37-p15	80:fa:5b:01:95:ae
a37-p16	80:fa:5b:01:93:d9
a37-p17	80:fa:5b:01:90:aa
a37-p18	80:fa:5b:01:94:0a
a37-p19	80:fa:5b:01:91:99
a37-p20	80:fa:5b:01:95:c1
a37-p21	80:fa:5b:01:91:8f
a37-p22	80:fa:5b:01:93:3e
a37-p23	80:fa:5b:01:93:02
a37-p24	80:fa:5b:01:91:66
a37-p25	80:fa:5b:01:90:f8
a37-p26	80:fa:5b:01:92:ad
a38-p01	80:fa:5b:01:96:9b
a38-p02	80:fa:5b:01:90:51
a38-p03	80:fa:5b:01:94:53
a38-p04	80:fa:5b:01:96:38
a38-p05	80:fa:5b:01:96:dd
a38-p06	80:fa:5b:01:91:4c
a38-p07	80:fa:5b:01:90:3f
a38-p08	80:fa:5b:01:92:12
a38-p09	80:fa:5b:01:90:a2
a38-p10	80:fa:5b:01:90:e8
a38-p11	80:fa:5b:01:96:93
a38-p12	80:fa:5b:01:94:7d
a38-p13	80:fa:5b:01:92:e8
a38-p14	80:fa:5b:01:90:3b
a38-p15	80:fa:5b:01:92:4f
a38-p16	80:fa:5b:01:90:1f
a38-p17	80:fa:5b:01:94:cd
a38-p18	80:fa:5b:01:91:e1
a38-p19	80:fa:5b:01:94:60
a38-p20	80:fa:5b:01:91:a9
a38-p21	80:fa:5b:01:95:06
a38-p22	80:fa:5b:01:90:b2
a38-p23	80:fa:5b:01:93:bc
a38-p24	80:fa:5b:01:91:2e
a39-p01	80:fa:5b:01:92:c8
a39-p02	80:fa:5b:01:90:7b
a39-p03	80:fa:5b:01:93:3d
a39-p04	80:fa:5b:01:90:41
a39-p05	80:fa:5b:01:90:52
a39-p06	80:fa:5b:01:91:2d
a39-p07	80:fa:5b:01:93:ef
a39-p08	80:fa:5b:01:91:7a
a39-p09	80:fa:5b:01:92:7b
a39-p10	80:fa:5b:01:90:62
a39-p11	80:fa:5b:01:92:35
a39-p12	80:fa:5b:01:92:d0
a39-p13	80:fa:5b:01:90:73
a39-p14	80:fa:5b:01:95:33
a39-p15	80:fa:5b:01:90:95
a39-p16	80:fa:5b:01:91:c6
a39-p17	80:fa:5b:01:93:87
a39-p18	80:fa:5b:01:93:c6
a39-p19	80:fa:5b:01:91:3b
a39-p20	80:fa:5b:01:93:53
a39-p21	80:fa:5b:01:94:f5
a39-p22	80:fa:5b:01:92:48
a39-p23	80:fa:5b:01:90:55
a39-p24	80:fa:5b:01:91:ff
a39-p25	80:fa:5b:01:92:05
a40-p01	80:fa:5b:01:93:d0
a40-p02	80:fa:5b:01:90:85
a40-p03	80:fa:5b:01:92:e2
a40-p04	80:fa:5b:01:92:1e
a40-p05	80:fa:5b:01:96:a2
a40-p06	80:fa:5b:01:91:b1
a40-p07	80:fa:5b:01:90:cc
a40-p08	80:fa:5b:01:92:ba
a40-p09	80:fa:5b:01:95:c9
a40-p10	80:fa:5b:01:93:79
a40-p11	80:fa:5b:01:93:94
a40-p12	80:fa:5b:01:92:0c
a40-p13	80:fa:5b:01:93:7f
a40-p14	80:fa:5b:01:96:71
a40-p15	80:fa:5b:01:96:15
a40-p16	80:fa:5b:01:92:d9
a40-p17	80:fa:5b:01:90:ea
a40-p18	80:fa:5b:01:95:d7
a40-p19	80:fa:5b:01:90:f2
a40-p20	80:fa:5b:01:92:b2
a40-p21	80:fa:5b:01:95:bc
a40-p22	80:fa:5b:01:93:32
a40-p23	80:fa:5b:01:90:7a
a40-p24	80:fa:5b:01:93:90
a41-p01	80:fa:5b:01:91:e7
a41-p02	80:fa:5b:01:91:ef
a41-p03	80:fa:5b:01:93:8a
a41-p04	80:fa:5b:01:93:50
a41-p05	80:fa:5b:01:92:c1
a41-p06	80:fa:5b:01:94:90
a41-p07	80:fa:5b:01:94:76
a41-p08	80:fa:5b:01:90:10
a41-p09	80:fa:5b:01:93:38
a41-p10	80:fa:5b:01:91:63
a41-p11	80:fa:5b:01:92:ee
a41-p12	80:fa:5b:01:90:54
a41-p13	80:fa:5b:01:92:03
a41-p14	80:fa:5b:01:90:9b
a41-p15	80:fa:5b:01:92:61
a41-p16	80:fa:5b:01:95:0f
a41-p17	80:fa:5b:01:91:79
a41-p18	80:fa:5b:01:90:42
a41-p19	80:fa:5b:01:90:ff
a41-p20	80:fa:5b:01:93:b6
a41-p21	80:fa:5b:01:91:91
a41-p22	80:fa:5b:01:92:f4
a41-p23	80:fa:5b:01:90:f1
a41-p24	80:fa:5b:01:93:f0
a42-p01	80:fa:5b:01:91:2c
a42-p02	80:fa:5b:01:90:6e
a42-p03	80:fa:5b:01:92:57
a42-p04	80:fa:5b:01:92:1a
a42-p05	80:fa:5b:01:93:89
a42-p06	80:fa:5b:01:92:6a
a42-p07	80:fa:5b:01:90:1b
a42-p08	80:fa:5b:01:96:30
a42-p09	80:fa:5b:01:94:63
a42-p10	80:fa:5b:01:93:be
a42-p11	80:fa:5b:01:94:88
a42-p12	80:fa:5b:01:93:6e
a42-p13	80:fa:5b:01:92:21
a42-p14	00:90:f5:fa:ca:2a
a42-p15	80:fa:5b:01:90:59
a42-p16	80:fa:5b:01:95:9b
a42-p17	80:fa:5b:01:94:dc
a42-p18	80:fa:5b:01:94:0f
a42-p19	80:fa:5b:01:92:24
a42-p20	80:fa:5b:01:90:76
a42-p21	80:fa:5b:01:94:f1
a42-p22	80:fa:5b:01:94:ea
a42-p23	80:fa:5b:01:95:94
a42-p24	80:fa:5b:01:92:01
a42-p25	80:fa:5b:01:90:36
a42-p26	80:fa:5b:01:92:5f
a42-p27	80:fa:5b:01:92:7e
a42-p28	80:fa:5b:01:92:50
a42-p29	80:fa:5b:01:91:c5
a43-p01	80:fa:5b:01:92:46
a43-p02	80:fa:5b:01:90:89
a43-p03	80:fa:5b:01:95:13
a43-p04	80:fa:5b:01:94:d2
a43-p05	80:fa:5b:01:92:be
a43-p06	80:fa:5b:01:94:25
a43-p07	80:fa:5b:01:93:b1
a43-p08	80:fa:5b:01:92:b5
a43-p09	80:fa:5b:01:93:08
a43-p10	80:fa:5b:01:92:56
a43-p11	80:fa:5b:01:92:8b
a43-p12	80:fa:5b:01:91:78
a43-p13	80:fa:5b:01:96:51
a43-p14	80:fa:5b:01:91:5f
a43-p15	80:fa:5b:01:93:aa
a43-p16	80:fa:5b:01:90:3a
a43-p17	80:fa:5b:01:93:74
a43-p18	80:fa:5b:01:93:f8
a43-p19	80:fa:5b:01:92:95
a43-p20	80:fa:5b:01:92:36
a43-p21	80:fa:5b:01:92:d1
a43-p22	80:fa:5b:01:94:98
a43-p23	80:fa:5b:01:90:c6
a43-p24	80:fa:5b:01:94:d6
a43-p25	80:fa:5b:01:91:4e
a43-p26	80:fa:5b:01:92:45
a44-p01	80:fa:5b:01:92:5c
a44-p02	80:fa:5b:01:90:ae
a44-p03	80:fa:5b:01:92:55
a44-p04	80:fa:5b:01:94:8c
a45-p01	80:fa:5b:01:90:be
a45-p02	80:fa:5b:01:91:fe
a45-p03	80:fa:5b:01:92:8d
a45-p04	80:fa:5b:01:93:88
a45-p05	80:fa:5b:01:90:69
a45-p06	80:fa:5b:01:90:a1
a45-p07	80:fa:5b:01:90:f3
a45-p08	80:fa:5b:01:95:12
a45-p09	80:fa:5b:01:94:75
a45-p10	80:fa:5b:01:91:f7
a45-p11	80:fa:5b:01:95:96
a45-p12	80:fa:5b:01:95:f8
a45-p13	80:fa:5b:01:93:14
a45-p14	80:fa:5b:01:92:78
a45-p15	80:fa:5b:01:92:f2
a45-p16	80:fa:5b:01:92:fd
a45-p17	80:fa:5b:01:94:65
a45-p18	80:fa:5b:01:93:4a
a45-p19	80:fa:5b:01:91:c0
a45-p20	80:fa:5b:01:90:b6
a45-p21	80:fa:5b:01:93:43
a45-p22	80:fa:5b:01:92:bc
a45-p23	80:fa:5b:01:91:9b
a45-p24	80:fa:5b:01:92:87
a45-p25	80:fa:5b:01:92:7c
a45-p26	80:fa:5b:01:90:2f
a45-p27	80:fa:5b:01:91:35
a45-p28	80:fa:5b:01:95:99
a45-p29	80:fa:5b:01:93:9b
a46-o01	00:01:80:38:3F:27
a46-o02	00:01:80:38:42:1E
a46-o03	00:01:80:38:88:3E
a46-o04	00:01:80:38:41:33
a46-o05	00:01:80:38:41:A1
a46-o06	00:01:80:36:7F:39
a46-o07	00:01:80:38:41:0B
a46-o08	00:01:80:38:41:C3
a47-p01	70:5a:b6:f0:80:b3
a47-p02	70:5a:b6:f0:a5:b8
a47-p03	70:5a:b6:e4:11:24
a47-p04	70:5a:b6:f0:88:18
a47-p05	70:5a:b6:f0:88:3f
a47-p06	70:5a:b6:f0:80:be
a47-p07	70:5a:b6:f0:7c:cd
a47-p08	88:ae:1d:1a:fa:ce
a47-p09	70:5a:b6:f0:53:ec
a48-o02	00:01:80:38:41:66
a48-o03	00:01:80:38:41:23
a48-o04	00:01:80:38:3F:2A
a48-o05	00:01:80:38:3F:05
a48-o06	00:01:80:38:41:0F
a48-o07	00:01:80:38:41:A3
a48-o10	00:01:80:38:3F:20
a48-o11	00:01:80:38:41:43
a48-o12	00:01:80:36:80:3D
a49-p01	00:90:f5:fb:d3:b9
a49-p02	00:90:f5:fb:d3:28
a49-p03	00:90:f5:fb:d0:5e
a49-p04	00:90:f5:fb:d1:ff
a49-p05	00:90:f5:fb:d2:bb
a49-p06	00:90:f5:fb:d2:4b
a49-p07	00:90:f5:fb:d4:2f
a49-p08	00:90:f5:fb:d2:bd
a49-p09	00:90:f5:fb:d3:db
a49-p10	00:90:f5:fb:d2:a0
a49-p11	00:90:f5:fb:d1:0b
a49-p12	00:90:f5:fb:d4:63
a49-p13	00:90:f5:fb:d1:a1
a49-p14	30:8d:99:1f:c5:aa
a51-p01	30:8d:99:1f:c5:16
a51-p03	30:8d:99:1f:c4:55
a51-p04	30:8d:99:1f:c2:ce
a51-p05	b0:5a:da:a9:30:29
a51-p07	30:8D:99:1f:cc:c8
a51-p08	30:8d:99:1f:c5:7b
a51-p09	b0:5a:da:a9:2d:69
a51-p10	30:8d:99:1a:ec:92
a51-p11	30:8d:99:1f:c6:10
a51-p12	b0:5a:da:a9:2f:02
a51-p13	30:8D:99:1F:C4:DA
a80-i01	50:65:f3:26:dc:6e
a80-i02	50:65:f3:26:dd:11
a80-i03	50:65:f3:2d:00:3b
a80-i04	50:65:f3:27:23:7b
a80-i05	50:65:f3:27:25:fc
a80-i06	50:65:f3:27:26:9b
a80-i07	50:65:f3:2d:02:93
a80-i08	50:65:f3:26:fc:41
a80-i09	50:65:f3:30:47:e1
a80-i10	50:65:f3:33:84:62
a81-p01	b0:5a:da:a9:2a:71
a81-p02	b0:5a:da:a9:2c:57
a81-p03	b0:5a:da:a9:2e:88
a81-p04	b0:5a:da:a9:2c:d6
a81-p05	b0:5a:da:a9:2f:31
a81-p06	b0:5a:da:a9:2c:6d
a81-p07	b0:5a:da:a9:2d:11
a81-p08	b0:5a:da:a9:2c:aa
a81-p09	30:8d:99:1f:c4:c6
a81-p10	b0:5a:da:a9:2c:c1
a81-p11	b0:5a:da:a9:2d:a2
a81-p12	b0:5a:da:a9:2e:4f
a81-p13	b0:5a:da:a9:2e:b7
a81-p14	b0:5a:da:a9:2d:c5
a81-p15	30:8d:99:1f:cf:8c
a81-p16	b0:5a:da:a9:2d:b2
a81-p17	b0:5a:da:a9:2c:a3
a81-p18	b0:5a:da:a9:2a:2b
a81-p19	30:8d:99:1f:c5:c5
a81-p20	b0:5a:da:a9:2e:2a
a81-p21	30:8d:99:1f:c4:9f
a81-p22	30:8d:99:1f:c5:bd
a81-p23	b0:5a:da:a9:30:30
a81-p24	30:8d:99:1f:c5:a0
a81-p25	30:8d:99:1f:c5:da
a81-p26	b0:5a:da:a9:2b:c8
a81-p27	30:8d:99:1f:c4:6c
a81-p28	30:8d:99:1f:c7:a8
a81-p29	30:8d:99:1f:ca:23
a81-p30	b0:5a:da:a9:2e:75
